{
  "d": [
    1,
    1
  ],
  "deltas": [
    [
      0.0,
      0.0
    ],
    [
      0.0,
      -0.053304195404052734
    ]
  ],
  "is_classification": false,
  "l": 1,
  "w": [
    [],
    [
      [
        0.0,
        0.8600877523422241
      ],
      [
        0.0,
        1.0867146253585815
      ]
    ]
  ],
  "x": [
    [
      1.0,
      2.0
    ],
    [
      1.0,
      3.0335168838500977
    ]
  ]
}