{
  "d": [
    2,
    1
  ],
  "deltas": [
    [
      0.0,
      0.0,
      0.0
    ],
    [
      0.0,
      -0.5833811163902283
    ]
  ],
  "is_classification": true,
  "l": 1,
  "w": [
    [],
    [
      [
        0.0,
        1.1418789625167847
      ],
      [
        0.0,
        -0.251276433467865
      ],
      [
        0.0,
        -0.5311585664749146
      ]
    ]
  ],
  "x": [
    [
      1.0,
      3.0,
      3.0
    ],
    [
      1.0,
      -0.8353021740913391
    ]
  ]
}