{
  "d": [
    2,
    2,
    1
  ],
  "deltas": [
    [
      0.0,
      0.0,
      0.0
    ],
    [
      0.0,
      0.024776950478553772,
      0.03242351859807968
    ],
    [
      0.0,
      0.012540459632873535
    ]
  ],
  "is_classification": false,
  "l": 2,
  "w": [
    [],
    [
      [
        0.0,
        -0.6466103196144104,
        -0.5349682569503784
      ],
      [
        0.0,
        -1.8169643878936768,
        1.5433130264282227
      ],
      [
        0.0,
        1.6445306539535522,
        -1.8938641548156738
      ]
    ],
    [
      [
        0.0,
        2.135490894317627
      ],
      [
        0.0,
        2.6885414123535156
      ],
      [
        0.0,
        3.2550747394561768
      ]
    ]
  ],
  "x": [
    [
      1.0,
      0.0,
      0.0
    ],
    [
      1.0,
      -0.5693836212158203,
      -0.4891696274280548
    ],
    [
      1.0,
      -0.9876042604446411
    ]
  ]
}