{
  "d": [
    2,
    4,
    1
  ],
  "deltas": [
    [
      0.0,
      0.0,
      0.0
    ],
    [
      0.0,
      -4.873134912486421e-6,
      -6.013273832650157e-6,
      4.143483238294721e-6,
      6.1771079344907776e-6
    ],
    [
      0.0,
      1.5269861250999384e-6
    ]
  ],
  "is_classification": true,
  "l": 2,
  "w": [
    [],
    [
      [
        0.0,
        -1.4620720148086548,
        -1.950103998184204,
        2.776278495788574,
        0.891352653503418
      ],
      [
        0.0,
        -0.5350252389907837,
        -0.45790842175483704,
        11.530001640319824,
        -3.6612939834594727
      ],
      [
        0.0,
        6.4605560302734375,
        -7.9800543785095215,
        -0.0055742994882166386,
        -0.006766538135707378
      ]
    ],
    [
      [
        0.0,
        -5.399799823760986
      ],
      [
        0.0,
        -7.597285747528076
      ],
      [
        0.0,
        -7.588521480560303
      ],
      [
        0.0,
        6.461119174957275
      ],
      [
        0.0,
        9.114721298217773
      ]
    ]
  ],
  "x": [
    [
      1.0,
      -0.42698240280151367,
      0.4718477129936218
    ],
    [
      1.0,
      0.9483146667480469,
      -0.9999679327011108,
      -0.9731975793838501,
      0.9852599501609802
    ],
    [
      1.0,
      -0.9810096025466919
    ]
  ]
}