{
  "d": [
    1,
    1
  ],
  "deltas": [
    [
      0.0,
      0.0
    ],
    [
      0.0,
      -2.0
    ]
  ],
  "is_classification": false,
  "l": 1,
  "w": [
    [],
    [
      [
        0.0,
        2.0459747314453125
      ],
      [
        0.0,
        5.55370569229126
      ]
    ]
  ],
  "x": [
    [
      1.0,
      2.0
    ],
    [
      1.0,
      1.0
    ]
  ]
}