{
  "d": [
    2,
    3,
    3,
    3
  ],
  "deltas": [
    [
      0.0,
      0.0,
      0.0
    ],
    [
      0.0,
      217809703403520.0,
      217809703403520.0,
      -217809703403520.0
    ],
    [
      0.0,
      -4554.068359375,
      4553.5361328125,
      -4553.96923828125
    ],
    [
      0.0,
      0.8087019920349121,
      0.02549709752202034,
      -0.3963586390018463
    ]
  ],
  "is_classification": true,
  "l": 3,
  "w": [
    [],
    [
      [
        0.0,
        9.077495519112153e20,
        9.077495519112153e20,
        -9.077495519112153e20
      ],
      [
        0.0,
        -6.105083876988095e20,
        -6.105083876988095e20,
        6.105083876988095e20
      ],
      [
        0.0,
        1.913986388932931e20,
        1.913986388932931e20,
        -1.913986388932931e20
      ]
    ],
    [
      [
        0.0,
        -37965381632.0,
        37957554176.0,
        -37964292096.0
      ],
      [
        0.0,
        -37965377536.0,
        37957554176.0,
        -37964288000.0
      ],
      [
        0.0,
        -37965377536.0,
        37957554176.0,
        -37964288000.0
      ],
      [
        0.0,
        37965377536.0,
        -37957554176.0,
        37964288000.0
      ]
    ],
    [
      [
        0.0,
        0.9627940654754639,
        425488.6875,
        0.18601521849632263
      ],
      [
        0.0,
        0.2961469888687134,
        -425297.5,
        0.17651033401489258
      ],
      [
        0.0,
        -0.3077166676521301,
        425253.46875,
        0.16889610886573792
      ],
      [
        0.0,
        0.38186758756637573,
        -425291.40625,
        0.14632374048233032
      ]
    ]
  ],
  "x": [
    [
      1.0,
      -0.42698240280151367,
      0.4718477129936218
    ],
    [
      1.0,
      1.0,
      1.0,
      -1.0
    ],
    [
      1.0,
      -1.0,
      1.0,
      -1.0
    ],
    [
      1.0,
      -0.02293315716087818,
      1.0,
      0.03206625580787659
    ]
  ]
}